id,url,location,latitude,longitude,wolves,detections
186425154.0,https://inaturalist-open-data.s3.amazonaws.com/photos/186425154/original.jpg,world,47.1402784522,-92.7681288409,1,435 337 211 593
186425161.0,https://inaturalist-open-data.s3.amazonaws.com/photos/186425161/original.jpg,world,47.1402784522,-92.7681288409,1,547 279 419 357
186425147.0,https://inaturalist-open-data.s3.amazonaws.com/photos/186425147/original.jpg,world,46.9177865718,-92.2365300548,1,743 59 6 633
186425150.0,https://inaturalist-open-data.s3.amazonaws.com/photos/186425150/original.jpg,world,46.9177865718,-92.2365300548,1,664 281 114 577
186416332.0,https://inaturalist-open-data.s3.amazonaws.com/photos/186416332/original.jpeg,world,34.2726418788,77.4714423385,1,534 123 1790 1321
186416346.0,https://inaturalist-open-data.s3.amazonaws.com/photos/186416346/original.jpg,world,34.2726418788,77.4714423385,1,364 330 1919 1228
186416362.0,https://inaturalist-open-data.s3.amazonaws.com/photos/186416362/original.jpg,world,34.2726418788,77.4714423385,1,351 266 1503 1374
183925658.0,https://inaturalist-open-data.s3.amazonaws.com/photos/183925658/original.jpg,world,32.5200857951,-104.2108062755,1,242 378 1437 1077
183925758.0,https://inaturalist-open-data.s3.amazonaws.com/photos/183925758/original.jpg,world,32.5200857951,-104.2108062755,1,830 483 230 890
182467692.0,https://inaturalist-open-data.s3.amazonaws.com/photos/182467692/original.png,world,45.5062367896,-118.4370139809,1,1039 694 1298 1140
182467716.0,https://inaturalist-open-data.s3.amazonaws.com/photos/182467716/original.png,world,45.5062367896,-118.4370139809,1,1227 614 1363 868
182467739.0,https://inaturalist-open-data.s3.amazonaws.com/photos/182467739/original.png,world,45.5062367896,-118.4370139809,1,1578 661 1116 1097
182467763.0,https://inaturalist-open-data.s3.amazonaws.com/photos/182467763/original.png,world,45.5062367896,-118.4370139809,1,817 847 496 619
182465872.0,https://inaturalist-open-data.s3.amazonaws.com/photos/182465872/original.png,world,45.4945069556,-118.5781834966,3,1480 1341 1724 1528 549 267 708 510 1476 146 1293 0
182465841.0,https://inaturalist-open-data.s3.amazonaws.com/photos/182465841/original.png,world,45.4945069556,-118.5781834966,5,286 928 473 823 834 1063 1011 961 1588 1136 1788 1315 1552 1213 1696 1309 1312 1179 1481 1053
182465824.0,https://inaturalist-open-data.s3.amazonaws.com/photos/182465824/original.png,world,45.4945069556,-118.5781834966,4,1322 1018 1152 887 426 400 312 272 522 331 716 216 1031 228 829 116
182465805.0,https://inaturalist-open-data.s3.amazonaws.com/photos/182465805/original.png,world,45.4945069556,-118.5781834966,7,149 675 98 715 329 690 385 657 693 728 765 698 1390 685 1437 657 1772 898 1847 867 1872 797 1927 772 1952 784 2004 757
182299544.0,https://inaturalist-open-data.s3.amazonaws.com/photos/182299544/original.png,world,61.542491794,-148.8129566436,1,183 561 804 1015
182299546.0,https://inaturalist-open-data.s3.amazonaws.com/photos/182299546/original.png,world,61.542491794,-148.8129566436,1,271 517 556 355
179016852.0,https://inaturalist-open-data.s3.amazonaws.com/photos/179016852/original.jpg,world,44.5978151302,-110.9888788566,4,118 694 499 452 527 670 940 417 1098 381 762 653 1276 377 962 626
179016862.0,https://inaturalist-open-data.s3.amazonaws.com/photos/179016862/original.jpg,world,44.5978151302,-110.9888788566,1,418 633 1084 231
176720115.0,https://inaturalist-open-data.s3.amazonaws.com/photos/176720115/original.jpg,world,45.2229313,-78.5911318,1,1019 763 158 183
176720402.0,https://inaturalist-open-data.s3.amazonaws.com/photos/176720402/original.jpg,world,45.2229313,-78.5911318,3,542 582 867 219 571 267 471 487 199 584 470 287
176720414.0,https://inaturalist-open-data.s3.amazonaws.com/photos/176720414/original.jpg,world,45.2229313,-78.5911318,1,544 551 15 0
176720424.0,https://inaturalist-open-data.s3.amazonaws.com/photos/176720424/original.jpg,world,45.2229313,-78.5911318,1,91 675 890 270
176720438.0,https://inaturalist-open-data.s3.amazonaws.com/photos/176720438/original.jpg,world,45.2229313,-78.5911318,1,216 539 825 120
174610984.0,https://inaturalist-open-data.s3.amazonaws.com/photos/174610984/original.jpeg,world,34.9735432078,94.7114800611,2,486 363 462 395 548 346 580 318
174318987.0,https://inaturalist-open-data.s3.amazonaws.com/photos/174318987/original.jpeg,world,37.8095831154,-87.667832944,1,431 1146 1539 266
174319033.0,https://inaturalist-open-data.s3.amazonaws.com/photos/174319033/original.jpeg,world,37.8095831154,-87.667832944,1,514 1510 1853 294
174319057.0,https://inaturalist-open-data.s3.amazonaws.com/photos/174319057/original.jpeg,world,37.8095831154,-87.667832944,1,106 1451 1785 269
174319100.0,https://inaturalist-open-data.s3.amazonaws.com/photos/174319100/original.jpeg,world,37.8095831154,-87.667832944,1,88 1512 1550 213
174319204.0,https://inaturalist-open-data.s3.amazonaws.com/photos/174319204/original.jpeg,world,37.8095831154,-87.667832944,1,2040 1359 53 295
174319272.0,https://inaturalist-open-data.s3.amazonaws.com/photos/174319272/original.jpeg,world,37.8095831154,-87.667832944,1,1817 1133 0 285
174319291.0,https://inaturalist-open-data.s3.amazonaws.com/photos/174319291/original.jpeg,world,37.8095831154,-87.667832944,2,1 987 1045 322 2040 1241 919 561
174319311.0,https://inaturalist-open-data.s3.amazonaws.com/photos/174319311/original.jpeg,world,37.8095831154,-87.667832944,1,1803 1109 191 363
174319393.0,https://inaturalist-open-data.s3.amazonaws.com/photos/174319393/original.jpeg,world,37.8095831154,-87.667832944,1,2040 1268 57 192
172674944.0,https://inaturalist-open-data.s3.amazonaws.com/photos/172674944/original.jpeg,world,34.950051205,-107.8166459293,1,1139 721 755 1061
172674959.0,https://inaturalist-open-data.s3.amazonaws.com/photos/172674959/original.jpeg,world,34.950051205,-107.8166459293,1,1256 638 768 950
171012953.0,https://inaturalist-open-data.s3.amazonaws.com/photos/171012953/original.jpg,world,44.6751451487,-88.0231304636,1,314 1002 1379 480
171012964.0,https://inaturalist-open-data.s3.amazonaws.com/photos/171012964/original.jpg,world,44.6751451487,-88.0231304636,1,320 307 986 1009
170893226.0,https://inaturalist-open-data.s3.amazonaws.com/photos/170893226/original.jpg,world,43.786103677,-110.6919910665,1,974 759 1611 1179
170893261.0,https://inaturalist-open-data.s3.amazonaws.com/photos/170893261/original.jpg,world,43.786103677,-110.6919910665,1,813 688 1514 1188
170893236.0,https://inaturalist-open-data.s3.amazonaws.com/photos/170893236/original.jpg,world,43.786103677,-110.6919910665,1,808 629 1601 1127
170531741.0,https://inaturalist-open-data.s3.amazonaws.com/photos/170531741/original.jpg,world,45.4258728623,-73.9354095459,1,49 1220 1799 381
170540570.0,https://inaturalist-open-data.s3.amazonaws.com/photos/170540570/original.jpeg,world,45.4258728623,-73.9354095459,1,345 1018 1519 409
170540572.0,https://inaturalist-open-data.s3.amazonaws.com/photos/170540572/original.jpeg,world,45.4258728623,-73.9354095459,1,263 1074 1703 474
170540578.0,https://inaturalist-open-data.s3.amazonaws.com/photos/170540578/original.jpeg,world,45.4258728623,-73.9354095459,1,172 1117 1512 438
170540584.0,https://inaturalist-open-data.s3.amazonaws.com/photos/170540584/original.jpeg,world,45.4258728623,-73.9354095459,1,194 1177 1762 468
170540589.0,https://inaturalist-open-data.s3.amazonaws.com/photos/170540589/original.jpeg,world,45.4258728623,-73.9354095459,1,542 1156 1670 409
170540594.0,https://inaturalist-open-data.s3.amazonaws.com/photos/170540594/original.jpeg,world,45.4258728623,-73.9354095459,1,437 936 1635 366
170540595.0,https://inaturalist-open-data.s3.amazonaws.com/photos/170540595/original.jpeg,world,45.4258728623,-73.9354095459,1,542 1118 1685 368
170540598.0,https://inaturalist-open-data.s3.amazonaws.com/photos/170540598/original.jpeg,world,45.4258728623,-73.9354095459,1,1581 1128 508 231
170540597.0,https://inaturalist-open-data.s3.amazonaws.com/photos/170540597/original.jpeg,world,45.4258728623,-73.9354095459,1,288 954 1499 472
170540599.0,https://inaturalist-open-data.s3.amazonaws.com/photos/170540599/original.jpeg,world,45.4258728623,-73.9354095459,1,1622 1276 175 323
170540608.0,https://inaturalist-open-data.s3.amazonaws.com/photos/170540608/original.jpeg,world,45.4258728623,-73.9354095459,1,1672 471 1012 1050
170540609.0,https://inaturalist-open-data.s3.amazonaws.com/photos/170540609/original.jpeg,world,45.4258728623,-73.9354095459,1,1634 1310 290 400
170355041.0,https://inaturalist-open-data.s3.amazonaws.com/photos/170355041/original.jpg,world,33.7950818771,-116.3570610544,1,121 980 1887 395
170355082.0,https://inaturalist-open-data.s3.amazonaws.com/photos/170355082/original.jpg,world,33.7950818771,-116.3570610544,1,400 982 2042 264
170355112.0,https://inaturalist-open-data.s3.amazonaws.com/photos/170355112/original.jpg,world,33.7950818771,-116.3570610544,1,401 918 1609 519
169602727.0,https://inaturalist-open-data.s3.amazonaws.com/photos/169602727/original.jpg,world,45.426306857,-73.9358378327,1,603 648 449 926
169602733.0,https://inaturalist-open-data.s3.amazonaws.com/photos/169602733/original.jpg,world,45.426306857,-73.9358378327,1,424 597 636 808
169602740.0,https://inaturalist-open-data.s3.amazonaws.com/photos/169602740/original.jpg,world,45.426306857,-73.9358378327,1,505 680 601 796
169510463.0,https://inaturalist-open-data.s3.amazonaws.com/photos/169510463/original.jpg,world,45.4258728623,-73.9354095459,1,127 1271 1450 218
169510477.0,https://inaturalist-open-data.s3.amazonaws.com/photos/169510477/original.jpg,world,45.4258728623,-73.9354095459,1,1377 115 756 1113
169510489.0,https://inaturalist-open-data.s3.amazonaws.com/photos/169510489/original.jpg,world,45.4258728623,-73.9354095459,1,1547 218 273 1233
169469413.0,https://inaturalist-open-data.s3.amazonaws.com/photos/169469413/original.jpg,world,45.4271283333,-73.937225,1,518 865 1144 1539
169469424.0,https://inaturalist-open-data.s3.amazonaws.com/photos/169469424/original.jpg,world,45.4271283333,-73.937225,1,483 785 1166 1441
169469440.0,https://inaturalist-open-data.s3.amazonaws.com/photos/169469440/original.jpg,world,45.4271283333,-73.937225,1,605 880 879 1413
169463989.0,https://inaturalist-open-data.s3.amazonaws.com/photos/169463989/original.jpg,world,45.4269783333,-73.9375833333,1,1294 1391 268 728
169464044.0,https://inaturalist-open-data.s3.amazonaws.com/photos/169464044/original.jpg,world,45.4269783333,-73.9375833333,1,666 1030 964 1280
169464099.0,https://inaturalist-open-data.s3.amazonaws.com/photos/169464099/original.jpg,world,45.4269783333,-73.9375833333,1,664 1126 866 1324
168821638.0,https://inaturalist-open-data.s3.amazonaws.com/photos/168821638/original.jpeg,world,44.8296989576,-110.2497186926,5,249 1230 437 853 1022 1368 678 1027 1235 1028 1658 791 734 1043 1172 723 581 1100 960 750
166990728.0,https://inaturalist-open-data.s3.amazonaws.com/photos/166990728/original.jpeg,world,61.2513642904,-139.6288133922,1,1045 718 1106 881
166990732.0,https://inaturalist-open-data.s3.amazonaws.com/photos/166990732/original.jpeg,world,61.2513642904,-139.6288133922,1,1049 704 1132 940
166990752.0,https://inaturalist-open-data.s3.amazonaws.com/photos/166990752/original.jpeg,world,61.2513642904,-139.6288133922,1,1029 672 1245 812
166947735.0,https://inaturalist-open-data.s3.amazonaws.com/photos/166947735/original.jpg,world,35.5952295302,-111.7221773691,1,1386 1411 907 1080
162828986.0,https://static.inaturalist.org/photos/162828986/original.jpeg,world,48.3044960568,-89.7051608562,1,791 571 485 805
162828997.0,https://static.inaturalist.org/photos/162828997/original.jpeg,world,48.3044960568,-89.7051608562,1,80 1025 651 595
162829039.0,https://static.inaturalist.org/photos/162829039/original.jpeg,world,48.3044960568,-89.7051608562,1,962 943 1571 521
160784420.0,https://inaturalist-open-data.s3.amazonaws.com/photos/160784420/original.jpeg,world,44.9149731076,-110.3137443063,2,958 919 837 734 721 635 866 851
160784394.0,https://inaturalist-open-data.s3.amazonaws.com/photos/160784394/original.jpeg,world,44.9149731076,-110.3137443063,2,839 587 1048 818 442 569 780 837
160784428.0,https://inaturalist-open-data.s3.amazonaws.com/photos/160784428/original.jpeg,world,44.9149731076,-110.3137443063,3,885 935 780 803 1184 740 1085 629 700 429 630 309
160784383.0,https://inaturalist-open-data.s3.amazonaws.com/photos/160784383/original.jpeg,world,44.9149731076,-110.3137443063,2,676 611 1198 898 1198 642 818 427
160625160.0,https://inaturalist-open-data.s3.amazonaws.com/photos/160625160/original.jpeg,world,33.1091512359,35.799722006,1,663 1330 1313 617
159984580.0,https://static.inaturalist.org/photos/159984580/original.jpeg,world,48.2592030247,-89.9768646858,1,1633 1280 56 124
159984808.0,https://static.inaturalist.org/photos/159984808/original.jpeg,world,48.2592030247,-89.9768646858,1,626 332 1309 1198
159984761.0,https://static.inaturalist.org/photos/159984761/original.jpeg,world,48.2592030247,-89.9768646858,1,440 1079 1118 566
159984711.0,https://static.inaturalist.org/photos/159984711/original.jpeg,world,48.2592030247,-89.9768646858,1,1140 534 413 1000
159310537.0,https://inaturalist-open-data.s3.amazonaws.com/photos/159310537/original.jpeg,world,44.9652811627,-110.2096741557,1,1063 684 851 801
159310549.0,https://inaturalist-open-data.s3.amazonaws.com/photos/159310549/original.jpeg,world,44.9652811627,-110.2096741557,1,879 584 1092 680
159310522.0,https://inaturalist-open-data.s3.amazonaws.com/photos/159310522/original.jpeg,world,44.9979624979,-110.3533973373,1,1000 574 1305 780
159310525.0,https://inaturalist-open-data.s3.amazonaws.com/photos/159310525/original.jpeg,world,44.9979624979,-110.3533973373,1,940 497 1093 703
159310531.0,https://inaturalist-open-data.s3.amazonaws.com/photos/159310531/original.jpeg,world,44.9979624979,-110.3533973373,1,922 595 1066 742
158933831.0,https://static.inaturalist.org/photos/158933831/original.jpg,world,45.2299333333,-78.5869,1,338 539 892 1296
157523999.0,https://static.inaturalist.org/photos/157523999/original.jpeg,world,51.0763661421,-115.1288005337,1,331 1502 1229 4
157524318.0,https://static.inaturalist.org/photos/157524318/original.jpeg,world,51.0763661421,-115.1288005337,1,445 1523 1465 89
154908093.0,https://static.inaturalist.org/photos/154908093/original.jpeg,world,43.2850531175,-6.3416574422,1,1766 1256 243 255
153910931.0,https://static.inaturalist.org/photos/153910931/original.jpg,world,82.5024113531,-62.4072160877,1,896 650 437 872
153910954.0,https://static.inaturalist.org/photos/153910954/original.jpg,world,82.5024113531,-62.4072160877,1,1235 840 845 1115
153188978.0,https://static.inaturalist.org/photos/153188978/original.jpg,world,48.0074770245,-91.2378437917,1,777 383 940 713
153195195.0,https://static.inaturalist.org/photos/153195195/original.jpg,world,48.0074770245,-91.2378437917,1,888 663 1020 950
153048412.0,https://inaturalist-open-data.s3.amazonaws.com/photos/153048412/original.jpg,world,49.1825399382,-125.9977263098,1,438 420 581 586
153048434.0,https://inaturalist-open-data.s3.amazonaws.com/photos/153048434/original.jpg,world,49.1825399382,-125.9977263098,1,570 470 673 551
153048446.0,https://inaturalist-open-data.s3.amazonaws.com/photos/153048446/original.jpg,world,49.1825399382,-125.9977263098,1,543 654 738 475
151829278.0,https://inaturalist-open-data.s3.amazonaws.com/photos/151829278/original.jpg,world,53.8878883,-114.8997315,1,456 290 867 511
151763972.0,https://inaturalist-open-data.s3.amazonaws.com/photos/151763972/original.jpg,world,53.0810270188,-129.1768774561,1,848 708 1156 914
151764007.0,https://inaturalist-open-data.s3.amazonaws.com/photos/151764007/original.jpg,world,53.0810270188,-129.1768774561,1,995 730 1076 864
151764015.0,https://inaturalist-open-data.s3.amazonaws.com/photos/151764015/original.jpg,world,53.0810270188,-129.1768774561,1,1268 648 1427 738
151764029.0,https://inaturalist-open-data.s3.amazonaws.com/photos/151764029/original.jpg,world,53.0810270188,-129.1768774561,1,674 473 516 578
151828277.0,https://inaturalist-open-data.s3.amazonaws.com/photos/151828277/original.jpeg,world,49.7675033333,-94.1146166667,1,1597 175 208 1325
151828278.0,https://inaturalist-open-data.s3.amazonaws.com/photos/151828278/original.jpeg,world,49.7675033333,-94.1146166667,1,268 1331 1735 614
147440256.0,https://static.inaturalist.org/photos/147440256/original.jpg,world,35.619506595,96.5188857894,1,563 211 1660 1075
147440278.0,https://static.inaturalist.org/photos/147440278/original.jpg,world,35.619506595,96.5188857894,1,1745 148 206 1048
147440284.0,https://static.inaturalist.org/photos/147440284/original.jpg,world,35.619506595,96.5188857894,1,514 240 1558 1026
146771217.0,https://inaturalist-open-data.s3.amazonaws.com/photos/146771217/original.jpg,world,72.0812216667,85.6409583333,1,677 596 872 753
146771223.0,https://inaturalist-open-data.s3.amazonaws.com/photos/146771223/original.jpg,world,72.0812216667,85.6409583333,1,845 326 581 703
146771229.0,https://inaturalist-open-data.s3.amazonaws.com/photos/146771229/original.jpg,world,72.0812216667,85.6409583333,1,622 676 745 825
146771235.0,https://inaturalist-open-data.s3.amazonaws.com/photos/146771235/original.jpg,world,72.0812216667,85.6409583333,1,659 467 769 585
145254285.0,https://inaturalist-open-data.s3.amazonaws.com/photos/145254285/original.jpg,world,49.9410117411,-80.0688405462,1,535 340 2018 1330
144383227.0,https://inaturalist-open-data.s3.amazonaws.com/photos/144383227/original.jpg,world,44.9670098696,-110.2612260367,1,871 508 729 653
144383226.0,https://inaturalist-open-data.s3.amazonaws.com/photos/144383226/original.jpg,world,44.9670098696,-110.2612260367,1,1221 592 1340 737
144382683.0,https://inaturalist-open-data.s3.amazonaws.com/photos/144382683/original.jpg,world,44.8407146045,-110.3272585584,1,1056 609 1489 771
144382769.0,https://inaturalist-open-data.s3.amazonaws.com/photos/144382769/original.jpg,world,44.8407146045,-110.3272585584,1,914 450 784 621
144382786.0,https://inaturalist-open-data.s3.amazonaws.com/photos/144382786/original.jpg,world,44.8407146045,-110.3272585584,1,959 485 845 687
144381516.0,https://inaturalist-open-data.s3.amazonaws.com/photos/144381516/original.jpg,world,44.8423259859,-110.3337533992,1,1005 387 1563 622
144381632.0,https://inaturalist-open-data.s3.amazonaws.com/photos/144381632/original.jpg,world,44.8423259859,-110.3337533992,1,1009 438 1466 679
144381669.0,https://inaturalist-open-data.s3.amazonaws.com/photos/144381669/original.jpg,world,44.8423259859,-110.3337533992,1,1042 401 1524 651
142344015.0,https://inaturalist-open-data.s3.amazonaws.com/photos/142344015/original.jpg,world,49.7001426944,-89.0986873951,1,253 377 470 512
142344453.0,https://inaturalist-open-data.s3.amazonaws.com/photos/142344453/original.jpg,world,49.7001426944,-89.0986873951,1,1051 218 231 709
141554752.0,https://inaturalist-open-data.s3.amazonaws.com/photos/141554752/original.jpg,world,61.1302343449,-112.5989933986,1,271 683 516 799
141554772.0,https://inaturalist-open-data.s3.amazonaws.com/photos/141554772/original.jpg,world,61.1302343449,-112.5989933986,1,473 595 147 806
140552504.0,https://inaturalist-open-data.s3.amazonaws.com/photos/140552504/original.jpeg,world,44.8377838924,-110.3198434729,1,909 572 1324 818
140553297.0,https://inaturalist-open-data.s3.amazonaws.com/photos/140553297/original.jpeg,world,44.8377838924,-110.3198434729,1,905 635 1372 982
140553312.0,https://inaturalist-open-data.s3.amazonaws.com/photos/140553312/original.jpeg,world,44.8377838924,-110.3198434729,1,898 616 1324 919
139317167.0,https://inaturalist-open-data.s3.amazonaws.com/photos/139317167/original.jpeg,world,63.1148002,-151.1926058,1,867 954 1178 799
139317191.0,https://inaturalist-open-data.s3.amazonaws.com/photos/139317191/original.jpeg,world,63.1148002,-151.1926058,1,794 956 1262 695
138860386.0,https://inaturalist-open-data.s3.amazonaws.com/photos/138860386/original.jpeg,world,47.4967913809,-91.5384586261,1,564 804 1029 1094
138860413.0,https://inaturalist-open-data.s3.amazonaws.com/photos/138860413/original.jpeg,world,47.4967913809,-91.5384586261,1,894 907 720 1094
138860439.0,https://inaturalist-open-data.s3.amazonaws.com/photos/138860439/original.jpeg,world,47.4967913809,-91.5384586261,1,1005 835 703 1033
138860466.0,https://inaturalist-open-data.s3.amazonaws.com/photos/138860466/original.jpeg,world,47.4967913809,-91.5384586261,1,453 1154 1042 887
132347393.0,https://inaturalist-open-data.s3.amazonaws.com/photos/132347393/original.jpeg,world,60.8428642189,-137.7672805541,1,765 1041 1301 492
132347647.0,https://inaturalist-open-data.s3.amazonaws.com/photos/132347647/original.jpeg,world,60.8428642189,-137.7672805541,1,1034 866 1696 641
132347742.0,https://inaturalist-open-data.s3.amazonaws.com/photos/132347742/original.jpeg,world,60.8428642189,-137.7672805541,1,1029 902 1267 586
132347843.0,https://inaturalist-open-data.s3.amazonaws.com/photos/132347843/original.jpeg,world,60.8428642189,-137.7672805541,1,360 1169 596 923
130734822.0,https://static.inaturalist.org/photos/130734822/original.jpg,world,44.9876326265,-110.3494697931,1,816 509 1249 931
130734878.0,https://static.inaturalist.org/photos/130734878/original.jpg,world,44.9876326265,-110.3494697931,1,875 809 1404 535
130734937.0,https://static.inaturalist.org/photos/130734937/original.jpg,world,44.9876326265,-110.3494697931,1,873 930 1227 754
130681832.0,https://inaturalist-open-data.s3.amazonaws.com/photos/130681832/original.jpeg,world,49.248690502,-89.4151113001,1,234 420 1364 2044
130681802.0,https://inaturalist-open-data.s3.amazonaws.com/photos/130681802/original.jpeg,world,49.248690502,-89.4151113001,1,121 1142 1429 148
130681789.0,https://inaturalist-open-data.s3.amazonaws.com/photos/130681789/original.jpeg,world,49.248690502,-89.4151113001,1,150 1193 1556 180
130249000.0,https://inaturalist-open-data.s3.amazonaws.com/photos/130249000/original.jpeg,world,49.2094497848,-89.4190619667,1,648 215 1693 1257
130249059.0,https://inaturalist-open-data.s3.amazonaws.com/photos/130249059/original.jpeg,world,49.2094497848,-89.4190619667,1,655 301 1629 1138
130249023.0,https://inaturalist-open-data.s3.amazonaws.com/photos/130249023/original.jpeg,world,49.2094497848,-89.4190619667,1,613 385 1492 1111
127089442.0,https://static.inaturalist.org/photos/127089442/original.jpeg,world,49.6663403283,-126.7750355745,1,824 868 993 777
127058784.0,https://inaturalist-open-data.s3.amazonaws.com/photos/127058784/original.jpg,world,44.9926701152,-110.3482836314,1,682 603 1171 1000
127058876.0,https://inaturalist-open-data.s3.amazonaws.com/photos/127058876/original.jpg,world,44.9926701152,-110.3482836314,1,1230 563 753 1035
127058967.0,https://inaturalist-open-data.s3.amazonaws.com/photos/127058967/original.jpg,world,44.9926701152,-110.3482836314,1,1247 458 555 859
127059042.0,https://inaturalist-open-data.s3.amazonaws.com/photos/127059042/original.jpg,world,44.9926701152,-110.3482836314,1,798 668 1900 1058
121686746.0,https://inaturalist-open-data.s3.amazonaws.com/photos/121686746/original.jpg,world,47.5652266572,-92.2576731673,2,49 566 645 854 1226 614 1848 1018
121686764.0,https://inaturalist-open-data.s3.amazonaws.com/photos/121686764/original.jpg,world,47.5652266572,-92.2576731673,2,237 521 798 839 1241 554 1484 993
120822472.0,https://static.inaturalist.org/photos/120822472/original.jpeg,world,51.1783972,-115.5708073,1,355 901 901 1255
120822833.0,https://static.inaturalist.org/photos/120822833/original.jpeg,world,51.1783972,-115.5708073,1,706 701 248 1127
120822835.0,https://static.inaturalist.org/photos/120822835/original.jpeg,world,51.1783972,-115.5708073,1,300 671 653 968
120822840.0,https://static.inaturalist.org/photos/120822840/original.jpeg,world,51.1783972,-115.5708073,1,1647 729 977 1048
120822839.0,https://static.inaturalist.org/photos/120822839/original.jpeg,world,51.1783972,-115.5708073,2,1129 1053 1595 1261 434 1195 1053 990
120822834.0,https://static.inaturalist.org/photos/120822834/original.jpeg,world,51.1783972,-115.5708073,1,789 984 1390 809
119901538.0,https://inaturalist-open-data.s3.amazonaws.com/photos/119901538/original.jpeg,world,47.788078991,-90.2638639021,1,434 529 546 430
119901584.0,https://inaturalist-open-data.s3.amazonaws.com/photos/119901584/original.jpeg,world,47.788078991,-90.2638639021,1,316 623 467 462
115457545.0,https://inaturalist-open-data.s3.amazonaws.com/photos/115457545/original.jpeg,world,44.88903669,-110.5721535632,12,1542 762 1455 881 1379 728 1453 846 1200 726 1292 794 1151 686 1205 778 1169 641 1229 720 1074 554 1147 636 932 523 1000 583 659 447 750 510 534 439 650 491 430 425 532 475 335 412 430 458 235 402 335 457
115331632.0,https://inaturalist-open-data.s3.amazonaws.com/photos/115331632/original.jpeg,world,44.9395232292,-110.4470672825,1,563 587 655 682
113232016.0,https://inaturalist-open-data.s3.amazonaws.com/photos/113232016/original.jpg,world,47.6262202832,-91.5154641758,1,959 546 379 1095
113232064.0,https://inaturalist-open-data.s3.amazonaws.com/photos/113232064/original.jpeg,world,47.6262202832,-91.5154641758,1,569 1102 1198 636
112500531.0,https://inaturalist-open-data.s3.amazonaws.com/photos/112500531/original.jpg,world,66.8895205905,-136.3434739288,1,872 877 1075 723
112500546.0,https://inaturalist-open-data.s3.amazonaws.com/photos/112500546/original.jpg,world,66.8895205905,-136.3434739288,1,886 633 1045 763
112500564.0,https://inaturalist-open-data.s3.amazonaws.com/photos/112500564/original.jpg,world,66.8895205905,-136.3434739288,1,932 800 1112 718
112206618.0,https://static.inaturalist.org/photos/112206618/original.jpeg,world,44.9739803968,-110.1488572596,6,1237 620 998 741 876 717 990 605 476 651 376 738 632 763 449 915 1042 795 793 935 247 774 478 917
112206691.0,https://static.inaturalist.org/photos/112206691/original.jpg,world,44.9739803968,-110.1488572596,2,831 556 588 668 1367 477 1193 700
112206705.0,https://static.inaturalist.org/photos/112206705/original.jpg,world,44.9739803968,-110.1488572596,7,517 743 847 895 1050 728 1214 495 1327 330 1599 540 1160 420 1399 630 234 700 367 809 35 986 381 799 209 672 4 872
112206712.0,https://static.inaturalist.org/photos/112206712/original.jpg,world,44.9739803968,-110.1488572596,8,1662 295 1926 131 1212 694 1017 841 912 917 1152 1100 1132 825 911 948 740 1010 931 791 580 1320 819 1030 365 1204 726 1004 260 1391 563 1148
112206724.0,https://static.inaturalist.org/photos/112206724/original.jpg,world,44.9739803968,-110.1488572596,8,463 830 672 982 681 850 568 671 870 789 675 605 978 525 840 692 1086 235 1165 361 1178 353 1434 200 455 953 353 1095 409 872 304 1027
112206732.0,https://static.inaturalist.org/photos/112206732/original.jpg,world,44.9739803968,-110.1488572596,8,696 1094 896 1235 793 1097 998 930 1178 784 986 987 1278 764 1140 895 2006 500 1849 594 1893 466 1753 584 1072 710 1196 518 468 1241 716 1366
112206735.0,https://static.inaturalist.org/photos/112206735/original.jpg,world,44.9739803968,-110.1488572596,8,576 781 835 938 349 495 542 648 427 846 306 950 93 1064 350 899 237 851 4 1051 1217 350 1091 472 1426 363 1193 487 1780 384 1529 505
112206744.0,https://static.inaturalist.org/photos/112206744/original.jpeg,world,44.9739803968,-110.1488572596,2,1365 843 1240 979 721 815 1026 984
111900853.0,https://inaturalist-open-data.s3.amazonaws.com/photos/111900853/original.jpeg,world,60.0227018974,-116.9416849184,1,871 408 1866 1135
111900895.0,https://inaturalist-open-data.s3.amazonaws.com/photos/111900895/original.jpeg,world,60.0227018974,-116.9416849184,1,1158 714 498 1026
111900870.0,https://inaturalist-open-data.s3.amazonaws.com/photos/111900870/original.jpeg,world,60.0227018974,-116.9416849184,1,539 442 1542 1273
111271925.0,https://inaturalist-open-data.s3.amazonaws.com/photos/111271925/original.jpeg,world,70.78064,101.03106,2,480 471 118 626 1609 279 1258 466
111239695.0,https://inaturalist-open-data.s3.amazonaws.com/photos/111239695/original.jpg,world,51.1702250674,-115.5938831341,1,617 520 1255 1205
111239721.0,https://inaturalist-open-data.s3.amazonaws.com/photos/111239721/original.jpeg,world,51.1702250674,-115.5938831341,1,786 487 1298 1099
111239780.0,https://inaturalist-open-data.s3.amazonaws.com/photos/111239780/original.jpg,world,51.1702250674,-115.5938831341,5,1470 947 1253 880 1652 911 1332 775 1209 955 990 862 739 880 932 770 812 926 1055 864
111240015.0,https://inaturalist-open-data.s3.amazonaws.com/photos/111240015/original.jpg,world,51.1702250674,-115.5938831341,3,683 781 1357 1009 1435 343 512 1012 1378 1013 2034 715
111240121.0,https://inaturalist-open-data.s3.amazonaws.com/photos/111240121/original.jpg,world,51.1702250674,-115.5938831341,2,1704 182 803 904 593 615 929 859
111240173.0,https://inaturalist-open-data.s3.amazonaws.com/photos/111240173/original.jpg,world,51.1702250674,-115.5938831341,2,1635 340 773 963 772 676 1027 938
111240374.0,https://inaturalist-open-data.s3.amazonaws.com/photos/111240374/original.jpg,world,51.1702250674,-115.5938831341,2,709 758 1032 987 1716 323 812 963
111240393.0,https://inaturalist-open-data.s3.amazonaws.com/photos/111240393/original.jpg,world,51.1702250674,-115.5938831341,2,1704 328 770 963 698 991 1094 671
111240443.0,https://inaturalist-open-data.s3.amazonaws.com/photos/111240443/original.jpg,world,51.1702250674,-115.5938831341,2,619 920 1063 302 1772 907 963 561
111145060.0,https://inaturalist-open-data.s3.amazonaws.com/photos/111145060/original.jpeg,world,40.2391568437,-120.8210078669,3,9 1081 951 341 1213 412 437 1079 680 1081 1706 599
111145080.0,https://inaturalist-open-data.s3.amazonaws.com/photos/111145080/original.jpeg,world,40.2391568437,-120.8210078669,1,153 1092 1018 291
111145090.0,https://inaturalist-open-data.s3.amazonaws.com/photos/111145090/original.jpeg,world,40.2391568437,-120.8210078669,1,11 1095 1121 186
110843779.0,https://inaturalist-open-data.s3.amazonaws.com/photos/110843779/original.jpeg,world,40.1181969,43.6244948,1,817 240 320 772
110843860.0,https://inaturalist-open-data.s3.amazonaws.com/photos/110843860/original.jpeg,world,40.1181969,43.6244948,1,199 134 570 729
110843861.0,https://inaturalist-open-data.s3.amazonaws.com/photos/110843861/original.jpeg,world,40.1181969,43.6244948,1,176 392 777 708
110843866.0,https://inaturalist-open-data.s3.amazonaws.com/photos/110843866/original.jpeg,world,40.1181969,43.6244948,1,457 126 779 826
110703179.0,https://inaturalist-open-data.s3.amazonaws.com/photos/110703179/original.jpg,world,48.8251692493,-125.7460059681,1,487 352 775 574
110703070.0,https://inaturalist-open-data.s3.amazonaws.com/photos/110703070/original.jpg,world,48.8251692493,-125.7460059681,1,419 353 729 538
110703203.0,https://inaturalist-open-data.s3.amazonaws.com/photos/110703203/original.jpg,world,48.8251692493,-125.7460059681,1,514 362 829 505
110638671.0,https://inaturalist-open-data.s3.amazonaws.com/photos/110638671/original.jpeg,world,45.5822364048,-117.1204447032,1,1361 351 580 1034
110642958.0,https://inaturalist-open-data.s3.amazonaws.com/photos/110642958/original.jpeg,world,45.5822364048,-117.1204447032,1,1395 427 608 1019
110178277.0,https://inaturalist-open-data.s3.amazonaws.com/photos/110178277/original.jpg,world,34.1132042561,77.8620143077,1,777 288 1364 621
110178280.0,https://inaturalist-open-data.s3.amazonaws.com/photos/110178280/original.jpg,world,34.1132042561,77.8620143077,1,704 428 1244 760
110178281.0,https://inaturalist-open-data.s3.amazonaws.com/photos/110178281/original.jpg,world,34.1132042561,77.8620143077,1,563 437 440 737
110178283.0,https://inaturalist-open-data.s3.amazonaws.com/photos/110178283/original.jpg,world,34.1132042561,77.8620143077,1,790 528 1217 787
109599003.0,https://static.inaturalist.org/photos/109599003/original.jpg,world,56.2613230107,-121.1726569641,1,196 137 51 361
108649157.0,https://static.inaturalist.org/photos/108649157/original.jpg,world,63.4485490713,-150.2247449158,1,267 636 865 835
105502159.0,https://inaturalist-open-data.s3.amazonaws.com/photos/105502159/original.jpeg,world,22.0575689755,72.1956292338,1,1042 633 691 948
105502082.0,https://inaturalist-open-data.s3.amazonaws.com/photos/105502082/original.jpeg,world,22.0575689755,72.1956292338,1,970 687 534 1010
105502242.0,https://inaturalist-open-data.s3.amazonaws.com/photos/105502242/original.jpeg,world,22.0575689755,72.1956292338,1,829 610 1149 928
105479837.0,https://inaturalist-open-data.s3.amazonaws.com/photos/105479837/original.jpeg,world,17.9857574363,75.9485911993,1,708 622 1235 950
105479815.0,https://inaturalist-open-data.s3.amazonaws.com/photos/105479815/original.jpeg,world,17.9857574363,75.9485911993,2,506 525 894 787 1827 958 1249 1225
105479828.0,https://inaturalist-open-data.s3.amazonaws.com/photos/105479828/original.jpeg,world,17.9857574363,75.9485911993,1,594 584 1306 945
105479771.0,https://inaturalist-open-data.s3.amazonaws.com/photos/105479771/original.jpeg,world,17.9857574363,75.9485911993,1,909 605 1662 899
105479861.0,https://inaturalist-open-data.s3.amazonaws.com/photos/105479861/original.jpeg,world,17.9857574363,75.9485911993,1,1031 635 1422 928
105479864.0,https://inaturalist-open-data.s3.amazonaws.com/photos/105479864/original.jpeg,world,17.9857574363,75.9485911993,1,1211 781 694 933
105479877.0,https://inaturalist-open-data.s3.amazonaws.com/photos/105479877/original.jpeg,world,17.9857574363,75.9485911993,1,958 745 537 979
105129647.0,https://static.inaturalist.org/photos/105129647/original.jpg,world,55.2429385591,-84.3164734273,1,568 256 1045 479
105129664.0,https://static.inaturalist.org/photos/105129664/original.jpg,world,55.2429385591,-84.3164734273,1,1177 906 1342 1192
105129776.0,https://static.inaturalist.org/photos/105129776/original.jpg,world,55.2429385591,-84.3164734273,1,923 901 1309 1089
105280190.0,https://static.inaturalist.org/photos/105280190/original.jpg,world,55.2429385591,-84.3164734273,1,863 580 1027 661
105280197.0,https://static.inaturalist.org/photos/105280197/original.jpg,world,55.2429385591,-84.3164734273,1,843 834 1197 1032
103222241.0,https://inaturalist-open-data.s3.amazonaws.com/photos/103222241/original.jpeg,world,51.179407,82.990882,1,845 624 1173 1100
103222234.0,https://inaturalist-open-data.s3.amazonaws.com/photos/103222234/original.jpeg,world,51.179407,82.990882,1,898 654 1178 956
102787367.0,https://inaturalist-open-data.s3.amazonaws.com/photos/102787367/original.jpg,world,50.9411840565,-115.1370948811,1,878 1405 1214 522
102787406.0,https://inaturalist-open-data.s3.amazonaws.com/photos/102787406/original.jpeg,world,50.9411840565,-115.1370948811,1,737 609 1296 1535
102787578.0,https://inaturalist-open-data.s3.amazonaws.com/photos/102787578/original.jpg,world,50.9411840565,-115.1370948811,1,1275 456 608 1354
102786928.0,https://inaturalist-open-data.s3.amazonaws.com/photos/102786928/original.jpg,world,50.9411714856,-115.1371297502,1,267 1168 1485 509
102786979.0,https://inaturalist-open-data.s3.amazonaws.com/photos/102786979/original.jpg,world,50.9411714856,-115.1371297502,1,480 463 1217 1031
102786986.0,https://inaturalist-open-data.s3.amazonaws.com/photos/102786986/original.jpg,world,50.9411714856,-115.1371297502,1,449 1027 1311 523
102787927.0,https://inaturalist-open-data.s3.amazonaws.com/photos/102787927/original.jpeg,world,50.9411714856,-115.1371297502,1,1199 600 235 1233
99519875.0,https://inaturalist-open-data.s3.amazonaws.com/photos/99519875/original.jpeg,world,50.8165790422,-115.0748880145,2,1252 704 1539 809 417 768 670 884
99519889.0,https://inaturalist-open-data.s3.amazonaws.com/photos/99519889/original.jpeg,world,50.8165790422,-115.0748880145,2,942 722 1147 874 586 369 727 451
99519929.0,https://inaturalist-open-data.s3.amazonaws.com/photos/99519929/original.jpeg,world,50.8165790422,-115.0748880145,2,1091 705 1239 759 367 774 512 851
97375555.0,https://inaturalist-open-data.s3.amazonaws.com/photos/97375555/original.jpg,world,55.1145877826,-162.3421591236,1,521 201 2047 1356
97375479.0,https://inaturalist-open-data.s3.amazonaws.com/photos/97375479/original.jpg,world,55.1145877826,-162.3421591236,1,1009 630 1084 798
96895242.0,https://inaturalist-open-data.s3.amazonaws.com/photos/96895242/original.jpeg,world,63.1148029,-151.1925951,1,865 307 95 827
96895246.0,https://inaturalist-open-data.s3.amazonaws.com/photos/96895246/original.jpeg,world,63.1148029,-151.1925951,1,42 96 871 603
94519551.0,https://inaturalist-open-data.s3.amazonaws.com/photos/94519551/original.jpg,world,49.477855,-89.2770216667,1,497 566 277 450
94519562.0,https://inaturalist-open-data.s3.amazonaws.com/photos/94519562/original.jpg,world,49.477855,-89.2770216667,1,416 426 271 528
94519571.0,https://inaturalist-open-data.s3.amazonaws.com/photos/94519571/original.jpg,world,49.477855,-89.2770216667,1,367 417 201 317
89849536.0,https://inaturalist-open-data.s3.amazonaws.com/photos/89849536/original.jpg,world,50.7416524397,-100.0049109709,1,999 902 1370 480
89067784.0,https://inaturalist-open-data.s3.amazonaws.com/photos/89067784/original.jpg,world,50.9769367,-115.9592102,1,316 160 238 284
89067851.0,https://inaturalist-open-data.s3.amazonaws.com/photos/89067851/original.jpg,world,50.9769367,-115.9592102,1,144 92 597 353
89067905.0,https://inaturalist-open-data.s3.amazonaws.com/photos/89067905/original.jpg,world,50.9769367,-115.9592102,1,577 331 193 141
87960639.0,https://static.inaturalist.org/photos/87960639/original.jpg,world,47.8155265596,-90.7831501196,2,605 396 495 295 166 395 290 305
87960650.0,https://static.inaturalist.org/photos/87960650/original.jpg,world,47.8155265596,-90.7831501196,2,302 421 477 314 987 133 1078 240
83338332.0,https://static.inaturalist.org/photos/83338332/original.jpeg,world,51.8042276992,-128.2518373802,1,935 881 1170 759
83338421.0,https://static.inaturalist.org/photos/83338421/original.jpeg,world,51.8042276992,-128.2518373802,1,950 866 1049 736
102302229.0,https://static.inaturalist.org/photos/102302229/original.jpeg,world,47.2304629704,-116.913858743,1,989 706 751 803
102302233.0,https://static.inaturalist.org/photos/102302233/original.jpeg,world,47.2304629704,-116.913858743,1,969 714 1121 843
102302236.0,https://static.inaturalist.org/photos/102302236/original.jpeg,world,47.2304629704,-116.913858743,1,1192 779 855 882
102302240.0,https://static.inaturalist.org/photos/102302240/original.jpeg,world,47.2304629704,-116.913858743,1,709 619 898 855
102302246.0,https://static.inaturalist.org/photos/102302246/original.jpeg,world,47.2304629704,-116.913858743,1,747 658 913 834
79329496.0,https://inaturalist-open-data.s3.amazonaws.com/photos/79329496/original.jpg,world,66.7864,-136.3384555556,1,1003 555 1361 887
79329533.0,https://inaturalist-open-data.s3.amazonaws.com/photos/79329533/original.jpg,world,66.7864,-136.3384555556,1,1137 766 1440 953
79329545.0,https://inaturalist-open-data.s3.amazonaws.com/photos/79329545/original.jpg,world,66.7864,-136.3384555556,1,624 860 1011 631
74031295.0,https://inaturalist-open-data.s3.amazonaws.com/photos/74031295/original.jpg,world,44.471744555,-110.5098954855,2,704 294 413 476 504 221 240 127
74031312.0,https://inaturalist-open-data.s3.amazonaws.com/photos/74031312/original.jpg,world,44.471744555,-110.5098954855,1,710 497 388 283
71961896.0,https://static.inaturalist.org/photos/71961896/original.jpg,world,48.0287903292,-89.5538862301,1,568 1027 785 1407
71962508.0,https://static.inaturalist.org/photos/71962508/original.jpg,world,48.0287903292,-89.5538862301,1,621 951 781 1331
71962626.0,https://static.inaturalist.org/photos/71962626/original.jpg,world,48.0287903292,-89.5538862301,1,537 971 749 1276
67057424.0,https://inaturalist-open-data.s3.amazonaws.com/photos/67057424/original.jpg,world,73.0199,101.93177,1,947 973 1140 549
67057434.0,https://inaturalist-open-data.s3.amazonaws.com/photos/67057434/original.jpg,world,73.0199,101.93177,1,822 940 1139 574
67057445.0,https://inaturalist-open-data.s3.amazonaws.com/photos/67057445/original.jpg,world,73.0199,101.93177,1,876 939 1083 539
67057458.0,https://inaturalist-open-data.s3.amazonaws.com/photos/67057458/original.jpg,world,73.0199,101.93177,1,808 826 1032 502
67057469.0,https://inaturalist-open-data.s3.amazonaws.com/photos/67057469/original.jpg,world,73.0199,101.93177,1,767 652 917 369
64909327.0,https://inaturalist-open-data.s3.amazonaws.com/photos/64909327/original.jpg,world,51.2854162498,-115.9305114873,1,311 525 459 319
64909309.0,https://inaturalist-open-data.s3.amazonaws.com/photos/64909309/original.jpg,world,51.2854162498,-115.9305114873,1,969 580 1393 1122
64909321.0,https://inaturalist-open-data.s3.amazonaws.com/photos/64909321/original.jpg,world,51.2854162498,-115.9305114873,1,606 1024 992 630
64148714.0,https://static.inaturalist.org/photos/64148714/original.jpg,world,48.7297096153,-86.2194373619,1,822 924 386 466
64148702.0,https://static.inaturalist.org/photos/64148702/original.jpg,world,48.7297096153,-86.2194373619,1,1095 570 441 977
64148708.0,https://static.inaturalist.org/photos/64148708/original.jpg,world,48.7297096153,-86.2194373619,1,453 1039 142 595
164124513.0,https://inaturalist-open-data.s3.amazonaws.com/photos/164124513/original.jpeg,world,44.946022852,-110.3101730035,1,274 171 521 289
164124520.0,https://inaturalist-open-data.s3.amazonaws.com/photos/164124520/original.jpeg,world,44.946022852,-110.3101730035,1,964 657 1132 741
164124524.0,https://inaturalist-open-data.s3.amazonaws.com/photos/164124524/original.jpeg,world,44.946022852,-110.3101730035,1,684 277 311 95
164124530.0,https://inaturalist-open-data.s3.amazonaws.com/photos/164124530/original.jpeg,world,44.946022852,-110.3101730035,2,471 1229 772 1113 1630 318 1382 194
60788237.0,https://inaturalist-open-data.s3.amazonaws.com/photos/60788237/original.jpg,world,44.8559208425,-110.27725279,1,1292 195 666 1227
60788241.0,https://inaturalist-open-data.s3.amazonaws.com/photos/60788241/original.jpg,world,44.8559208425,-110.27725279,1,995 472 273 1815
60788246.0,https://inaturalist-open-data.s3.amazonaws.com/photos/60788246/original.jpg,world,44.8559208425,-110.27725279,1,392 98 1451 863
60286281.0,https://static.inaturalist.org/photos/60286281/original.jpeg,world,34.115123198,102.5243158065,1,864 755 1019 651
60286291.0,https://static.inaturalist.org/photos/60286291/original.jpg,world,34.115123198,102.5243158065,1,713 416 336 689
58146948.0,https://inaturalist-open-data.s3.amazonaws.com/photos/58146948/original.jpg,world,44.7642852587,-110.1421039833,4,649 473 683 500 713 504 687 487 485 430 530 454 414 441 449 469
57618877.0,https://static.inaturalist.org/photos/57618877/original.jpg,world,44.8411553118,-110.3407305368,1,591 582 1672 1202
57619608.0,https://static.inaturalist.org/photos/57619608/original.jpg,world,44.8411553118,-110.3407305368,1,1001 610 1949 1199
56894815.0,https://inaturalist-open-data.s3.amazonaws.com/photos/56894815/original.jpg,world,49.692839,-123.186234,1,506 1118 706 1226
56894817.0,https://inaturalist-open-data.s3.amazonaws.com/photos/56894817/original.jpg,world,49.692839,-123.186234,1,447 1077 639 1211
55871236.0,https://inaturalist-open-data.s3.amazonaws.com/photos/55871236/original.jpeg,world,74.9014833856,-109.5999531489,1,594 872 776 1058
55871241.0,https://inaturalist-open-data.s3.amazonaws.com/photos/55871241/original.jpeg,world,74.9014833856,-109.5999531489,1,912 710 1203 900
55520038.0,https://inaturalist-open-data.s3.amazonaws.com/photos/55520038/original.jpeg,world,44.6993256618,-110.4306967009,1,450 396 1384 1054
55520042.0,https://inaturalist-open-data.s3.amazonaws.com/photos/55520042/original.jpeg,world,44.6993256618,-110.4306967009,1,1198 440 834 1166
55062678.0,https://inaturalist-open-data.s3.amazonaws.com/photos/55062678/original.jpeg,world,58.5212625998,-70.5988837046,1,640 563 839 871
55062913.0,https://inaturalist-open-data.s3.amazonaws.com/photos/55062913/original.jpeg,world,58.5212625998,-70.5988837046,1,895 475 1063 628
55062917.0,https://inaturalist-open-data.s3.amazonaws.com/photos/55062917/original.jpeg,world,58.5212625998,-70.5988837046,1,733 459 823 376
54977984.0,https://inaturalist-open-data.s3.amazonaws.com/photos/54977984/original.jpg,world,44.4941827788,-110.2343419707,1,268 1213 1200 578
54978009.0,https://inaturalist-open-data.s3.amazonaws.com/photos/54978009/original.jpg,world,44.4941827788,-110.2343419707,1,914 701 1018 872
54781817.0,https://inaturalist-open-data.s3.amazonaws.com/photos/54781817/original.jpeg,world,40.314977244,-120.8827833356,1,524 781 1318 399
51944764.0,https://inaturalist-open-data.s3.amazonaws.com/photos/51944764/original.jpeg,world,60.2173590707,-113.7697929516,1,945 611 1133 781
51944779.0,https://inaturalist-open-data.s3.amazonaws.com/photos/51944779/original.jpeg,world,60.2173590707,-113.7697929516,1,950 599 1134 802
51618267.0,https://inaturalist-open-data.s3.amazonaws.com/photos/51618267/original.jpg,world,68.0166456344,-146.9696719773,1,734 699 1152 169
51618257.0,https://inaturalist-open-data.s3.amazonaws.com/photos/51618257/original.jpg,world,68.0166456344,-146.9696719773,1,229 1199 875 659
51618283.0,https://inaturalist-open-data.s3.amazonaws.com/photos/51618283/original.jpg,world,68.0166456344,-146.9696719773,1,1086 625 357 925
50825224.0,https://static.inaturalist.org/photos/50825224/original.jpg,world,49.7311344343,-95.06807214,1,1059 1315 16 83
50706161.0,https://static.inaturalist.org/photos/50706161/original.jpg,world,49.7311344343,-95.06807214,1,703 1557 1355 898
50825194.0,https://static.inaturalist.org/photos/50825194/original.jpg,world,49.7311344343,-95.06807214,1,1007 1133 688 1696
50439603.0,https://inaturalist-open-data.s3.amazonaws.com/photos/50439603/original.jpeg,world,66.829544,-150.642404,1,635 1253 1489 620
48164716.0,https://inaturalist-open-data.s3.amazonaws.com/photos/48164716/original.jpg,world,44.9988960657,-110.0061192567,1,734 1288 1656 158
47471889.0,https://inaturalist-open-data.s3.amazonaws.com/photos/47471889/original.jpeg,world,22.1632507561,72.0728457046,1,537 670 913 365
47394009.0,https://inaturalist-open-data.s3.amazonaws.com/photos/47394009/original.jpeg,world,23.1187118066,71.7841863177,1,531 107 1024 872
47394012.0,https://inaturalist-open-data.s3.amazonaws.com/photos/47394012/original.jpeg,world,23.1187118066,71.7841863177,1,116 825 1138 206
47220350.0,https://inaturalist-open-data.s3.amazonaws.com/photos/47220350/original.jpeg,world,33.1544257201,35.6299832807,1,642 506 1039 903
47081236.0,https://inaturalist-open-data.s3.amazonaws.com/photos/47081236/original.jpeg,world,46.2175121719,-85.0629688164,1,1614 1461 1063 492
46790206.0,https://static.inaturalist.org/photos/46790206/original.jpg,world,44.8759157314,-110.3388949447,2,1400 568 1666 506 1284 514 1109 601
46458923.0,https://static.inaturalist.org/photos/46458923/original.jpeg,world,44.690960859,-110.2484121771,1,1091 610 1744 1087
46458931.0,https://static.inaturalist.org/photos/46458931/original.jpeg,world,44.690960859,-110.2484121771,1,1398 510 580 1061
46458968.0,https://static.inaturalist.org/photos/46458968/original.jpeg,world,44.690960859,-110.2484121771,1,1134 695 891 917
45722009.0,https://inaturalist-open-data.s3.amazonaws.com/photos/45722009/original.jpg,world,59.8616833333,-129.1477055556,1,832 411 1611 1108
45721983.0,https://inaturalist-open-data.s3.amazonaws.com/photos/45721983/original.jpg,world,59.8616833333,-129.1477055556,1,476 290 1729 1124
45449388.0,https://inaturalist-open-data.s3.amazonaws.com/photos/45449388/original.jpg,world,44.9287656615,-110.2239918352,1,1171 596 593 1017
45546441.0,https://inaturalist-open-data.s3.amazonaws.com/photos/45546441/original.jpg,world,44.9287656615,-110.2239918352,1,740 286 1374 618
45217429.0,https://inaturalist-open-data.s3.amazonaws.com/photos/45217429/original.jpeg,world,51.1329591968,83.0711516258,1,1129 1479 385 1027
45217433.0,https://inaturalist-open-data.s3.amazonaws.com/photos/45217433/original.jpeg,world,51.1329591968,83.0711516258,1,1745 1450 1026 1109
45217435.0,https://inaturalist-open-data.s3.amazonaws.com/photos/45217435/original.jpeg,world,51.1329591968,83.0711516258,1,1465 1487 691 1069
44992666.0,https://static.inaturalist.org/photos/44992666/original.jpeg,world,44.883776052,-110.1556417747,1,507 842 963 547
43410572.0,https://inaturalist-open-data.s3.amazonaws.com/photos/43410572/original.jpg,world,51.9088345658,-128.4779958503,1,365 1341 1631 272
43410580.0,https://inaturalist-open-data.s3.amazonaws.com/photos/43410580/original.jpg,world,51.9088345658,-128.4779958503,1,360 1361 1603 240
41793604.0,https://static.inaturalist.org/photos/41793604/original.jpeg,world,50.1797790527,-86.7504730225,2,1706 822 1937 650 439 833 145 659
41793971.0,https://static.inaturalist.org/photos/41793971/original.jpeg,world,50.1797790527,-86.7504730225,2,1263 961 1794 781 147 672 472 882
41794013.0,https://static.inaturalist.org/photos/41794013/original.jpeg,world,50.1797790527,-86.7504730225,1,1235 904 903 677
39973908.0,https://inaturalist-open-data.s3.amazonaws.com/photos/39973908/original.jpeg,world,50.9633095345,-100.0524678662,1,450 1105 1151 732
39974083.0,https://inaturalist-open-data.s3.amazonaws.com/photos/39974083/original.jpeg,world,50.9633095345,-100.0524678662,1,1709 1303 179 309
39823710.0,https://static.inaturalist.org/photos/39823710/original.jpeg,world,50.0264505345,-119.3033024443,1,1012 659 503 997
39823739.0,https://static.inaturalist.org/photos/39823739/original.jpeg,world,50.0264505345,-119.3033024443,1,911 663 1145 936
39823772.0,https://static.inaturalist.org/photos/39823772/original.jpeg,world,50.0264505345,-119.3033024443,1,844 871 1352 631
39172323.0,https://inaturalist-open-data.s3.amazonaws.com/photos/39172323/original.jpeg,world,44.9957877527,-110.3871179343,1,977 458 1180 914
39170354.0,https://inaturalist-open-data.s3.amazonaws.com/photos/39170354/original.jpeg,world,44.8461523753,-110.3872818292,1,958 556 1095 648
39170362.0,https://inaturalist-open-data.s3.amazonaws.com/photos/39170362/original.jpeg,world,44.8461523753,-110.3872818292,1,1103 490 958 653
39170370.0,https://inaturalist-open-data.s3.amazonaws.com/photos/39170370/original.jpeg,world,44.8461523753,-110.3872818292,1,905 565 1093 685
39169609.0,https://inaturalist-open-data.s3.amazonaws.com/photos/39169609/original.jpeg,world,44.8151685474,-110.0181051067,1,341 300 482 226
32727456.0,https://inaturalist-open-data.s3.amazonaws.com/photos/32727456/original.jpg,world,69.3412980887,93.5403996615,1,1250 752 1334 844
32727465.0,https://inaturalist-open-data.s3.amazonaws.com/photos/32727465/original.jpg,world,69.3412980887,93.5403996615,1,734 768 654 870
32198015.0,https://inaturalist-open-data.s3.amazonaws.com/photos/32198015/original.jpeg,world,51.8309011629,-89.180641762,4,1427 963 1386 1058 1340 787 1303 913 1222 679 1319 787 1083 220 1153 299
30724129.0,https://inaturalist-open-data.s3.amazonaws.com/photos/30724129/original.jpg,world,48.4227936391,-123.2378998209,1,629 434 1012 755
30724290.0,https://inaturalist-open-data.s3.amazonaws.com/photos/30724290/original.jpg,world,48.4227936391,-123.2378998209,1,316 244 706 535
30724345.0,https://inaturalist-open-data.s3.amazonaws.com/photos/30724345/original.jpg,world,48.4227936391,-123.2378998209,1,596 351 974 667
30724438.0,https://inaturalist-open-data.s3.amazonaws.com/photos/30724438/original.jpg,world,48.4227936391,-123.2378998209,1,220 195 602 506
30684980.0,https://inaturalist-open-data.s3.amazonaws.com/photos/30684980/original.jpg,world,51.4426397473,-127.8905015176,1,1312 484 668 1165
30684983.0,https://inaturalist-open-data.s3.amazonaws.com/photos/30684983/original.jpg,world,51.4426397473,-127.8905015176,1,1190 1210 750 492
30366592.0,https://inaturalist-open-data.s3.amazonaws.com/photos/30366592/original.jpg,world,48.3182596872,-123.5479826264,1,951 578 1619 954
30366594.0,https://inaturalist-open-data.s3.amazonaws.com/photos/30366594/original.jpg,world,48.3182596872,-123.5479826264,1,868 510 1600 896
30366597.0,https://inaturalist-open-data.s3.amazonaws.com/photos/30366597/original.jpg,world,48.3182596872,-123.5479826264,1,1219 615 1345 828
30276400.0,https://inaturalist-open-data.s3.amazonaws.com/photos/30276400/original.jpeg,world,33.0926327848,35.827797377,1,644 841 1039 582
29975216.0,https://static.inaturalist.org/photos/29975216/original.jpeg,world,50.1794615636,-86.750885658,2,1251 532 1145 679 914 492 1145 673
29975259.0,https://static.inaturalist.org/photos/29975259/original.jpeg,world,50.1794615636,-86.750885658,1,853 666 1063 555
29913908.0,https://inaturalist-open-data.s3.amazonaws.com/photos/29913908/original.jpeg,world,48.8802745513,-94.1668133721,1,419 894 808 1107
29913915.0,https://inaturalist-open-data.s3.amazonaws.com/photos/29913915/original.jpeg,world,48.8802745513,-94.1668133721,1,508 871 69 1177
29527141.0,https://inaturalist-open-data.s3.amazonaws.com/photos/29527141/original.jpg,world,52.7926409622,-118.0702319795,1,1197 155 0 839
29527314.0,https://inaturalist-open-data.s3.amazonaws.com/photos/29527314/original.jpg,world,52.7926409622,-118.0702319795,1,322 549 434 330
29314534.0,https://static.inaturalist.org/photos/29314534/original.jpg,world,33.0899229055,35.631155082,1,959 338 756 517
29314537.0,https://static.inaturalist.org/photos/29314537/original.jpg,world,33.0899229055,35.631155082,1,741 552 968 403
29314535.0,https://static.inaturalist.org/photos/29314535/original.jpg,world,33.0899229055,35.631155082,1,993 373 889 522
28638324.0,https://inaturalist-open-data.s3.amazonaws.com/photos/28638324/original.jpg,world,60.7424326251,-135.144274803,1,937 635 1437 1004
28557375.0,https://inaturalist-open-data.s3.amazonaws.com/photos/28557375/original.jpg,world,64.6216466667,-138.366455,2,1100 997 1379 837 340 1022 600 848
28557377.0,https://inaturalist-open-data.s3.amazonaws.com/photos/28557377/original.jpg,world,64.6216466667,-138.366455,2,1187 1049 1387 922 406 1049 661 905
28445934.0,https://inaturalist-open-data.s3.amazonaws.com/photos/28445934/original.jpg,world,63.5522256959,-137.4121898062,1,326 129 1324 853
28445956.0,https://inaturalist-open-data.s3.amazonaws.com/photos/28445956/original.jpg,world,63.5522256959,-137.4121898062,1,1842 231 278 1225
28445962.0,https://inaturalist-open-data.s3.amazonaws.com/photos/28445962/original.jpg,world,63.5522256959,-137.4121898062,1,181 1247 1715 223
28445981.0,https://inaturalist-open-data.s3.amazonaws.com/photos/28445981/original.jpg,world,63.5522256959,-137.4121898062,1,507 1063 1906 272
28371494.0,https://static.inaturalist.org/photos/28371494/original.jpeg,world,49.1215246083,-125.847141595,1,1322 499 1034 933
28371576.0,https://static.inaturalist.org/photos/28371576/original.jpeg,world,49.1215246083,-125.847141595,1,972 422 747 799
28371573.0,https://static.inaturalist.org/photos/28371573/original.jpeg,world,49.1215246083,-125.847141595,1,1075 553 663 981
28371582.0,https://static.inaturalist.org/photos/28371582/original.jpeg,world,49.1215246083,-125.847141595,1,1580 604 806 1172
28116115.0,https://inaturalist-open-data.s3.amazonaws.com/photos/28116115/original.jpg,world,69.5757827433,-138.9199835751,1,521 294 442 328
28116120.0,https://inaturalist-open-data.s3.amazonaws.com/photos/28116120/original.jpg,world,69.5757827433,-138.9199835751,1,1347 421 1447 490
28116121.0,https://inaturalist-open-data.s3.amazonaws.com/photos/28116121/original.jpg,world,69.5757827433,-138.9199835751,1,863 315 952 372
27732619.0,https://inaturalist-open-data.s3.amazonaws.com/photos/27732619/original.jpeg,world,33.4207958386,103.1020499873,1,639 443 992 762
27732934.0,https://inaturalist-open-data.s3.amazonaws.com/photos/27732934/original.jpeg,world,33.4207958386,103.1020499873,2,1310 544 1138 733 953 571 601 688
27307763.0,https://inaturalist-open-data.s3.amazonaws.com/photos/27307763/original.jpeg,world,50.9769367,-115.9592102,2,685 1084 1472 686 180 1061 968 669
27307769.0,https://inaturalist-open-data.s3.amazonaws.com/photos/27307769/original.jpeg,world,50.9769367,-115.9592102,1,314 1086 1153 487
27307765.0,https://inaturalist-open-data.s3.amazonaws.com/photos/27307765/original.jpeg,world,50.9769367,-115.9592102,3,575 907 949 733 342 910 678 728 1653 897 1391 707
27307771.0,https://inaturalist-open-data.s3.amazonaws.com/photos/27307771/original.jpeg,world,50.9769367,-115.9592102,1,886 661 1299 966
25752921.0,https://static.inaturalist.org/photos/25752921/original.jpg,world,60.7736490511,-153.8600362258,1,1148 738 1569 422
26051730.0,https://static.inaturalist.org/photos/26051730/original.jpg,world,60.7736490511,-153.8600362258,2,730 660 887 501 1382 507 1245 444
25310095.0,https://inaturalist-open-data.s3.amazonaws.com/photos/25310095/original.jpeg,world,60.3919171807,-129.2215252768,1,838 698 928 844
24716619.0,https://inaturalist-open-data.s3.amazonaws.com/photos/24716619/original.jpg,world,52.8088847489,-87.2682037051,1,1809 227 659 1006
24126274.0,https://static.inaturalist.org/photos/24126274/original.jpeg,world,51.0528430249,-115.2094156062,1,398 208 1577 1011
24126279.0,https://static.inaturalist.org/photos/24126279/original.jpeg,world,51.0528430249,-115.2094156062,1,1658 818 651 137
21778466.0,https://static.inaturalist.org/photos/21778466/original.jpg,world,49.5220128108,-114.5174478746,1,232 291 393 176
21778462.0,https://static.inaturalist.org/photos/21778462/original.jpg,world,49.5220128108,-114.5174478746,1,374 171 281 291
21656264.0,https://inaturalist-open-data.s3.amazonaws.com/photos/21656264/original.jpg,world,64.3894518094,-96.017396577,1,483 406 568 347
21656260.0,https://inaturalist-open-data.s3.amazonaws.com/photos/21656260/original.jpg,world,64.3894518094,-96.017396577,1,488 405 569 344
21656257.0,https://inaturalist-open-data.s3.amazonaws.com/photos/21656257/original.jpg,world,64.3894518094,-96.017396577,1,435 411 528 359
21656254.0,https://inaturalist-open-data.s3.amazonaws.com/photos/21656254/original.jpg,world,64.3894518094,-96.017396577,1,425 432 521 382
21656286.0,https://inaturalist-open-data.s3.amazonaws.com/photos/21656286/original.jpg,world,64.3894518094,-96.017396577,1,512 394 560 438
21656289.0,https://inaturalist-open-data.s3.amazonaws.com/photos/21656289/original.jpg,world,64.3894518094,-96.017396577,1,565 361 465 405
20881158.0,https://inaturalist-open-data.s3.amazonaws.com/photos/20881158/original.jpg,world,48.4230832273,-88.7605920205,1,768 138 1858 1334
20881332.0,https://inaturalist-open-data.s3.amazonaws.com/photos/20881332/original.jpg,world,48.4230832273,-88.7605920205,1,495 182 1887 1248
19124534.0,https://inaturalist-open-data.s3.amazonaws.com/photos/19124534/original.jpeg,world,44.5277492893,-110.392003982,1,1035 848 267 464
17658911.0,https://static.inaturalist.org/photos/17658911/original.jpeg,world,47.9036538697,-90.1806684659,5,239 521 479 737 435 502 492 594 669 492 721 591 945 494 1048 618 474 416 539 484
17659129.0,https://static.inaturalist.org/photos/17659129/original.jpeg,world,47.9036538697,-90.1806684659,2,1739 868 1314 597 950 887 695 616
17659130.0,https://static.inaturalist.org/photos/17659130/original.jpeg,world,47.9036538697,-90.1806684659,2,724 655 637 524 529 494 650 671
17659133.0,https://static.inaturalist.org/photos/17659133/original.jpeg,world,47.9036538697,-90.1806684659,3,1243 728 797 1076 1351 473 1214 562 497 410 530 482
17659136.0,https://static.inaturalist.org/photos/17659136/original.jpeg,world,47.9036538697,-90.1806684659,3,214 712 382 565 405 555 476 465 1685 647 2042 1028
17659137.0,https://static.inaturalist.org/photos/17659137/original.jpeg,world,47.9036538697,-90.1806684659,3,303 750 487 587 430 581 498 508 171 447 216 516
16421949.0,https://static.inaturalist.org/photos/16421949/original.jpeg,world,56.3375234651,-95.2217674255,1,950 645 650 392
16334654.0,https://static.inaturalist.org/photos/16334654/original.jpeg,world,58.7011767481,-94.1330909729,1,809 687 1085 505
16367454.0,https://static.inaturalist.org/photos/16367454/original.jpeg,world,58.7011767481,-94.1330909729,1,526 824 1355 399
16367457.0,https://static.inaturalist.org/photos/16367457/original.jpeg,world,58.7011767481,-94.1330909729,1,582 882 1353 407
14120135.0,https://static.inaturalist.org/photos/14120135/original.jpg,world,50.162824,-95.806274,1,1153 381 880 683
14120136.0,https://static.inaturalist.org/photos/14120136/original.jpg,world,50.162824,-95.806274,1,1264 459 643 843
14120137.0,https://static.inaturalist.org/photos/14120137/original.jpg,world,50.162824,-95.806274,1,1253 433 671 848
13386874.0,https://inaturalist-open-data.s3.amazonaws.com/photos/13386874/original.jpg,world,44.9102762016,-110.5964936085,1,174 289 398 91
13386875.0,https://inaturalist-open-data.s3.amazonaws.com/photos/13386875/original.jpg,world,44.9102762016,-110.5964936085,1,181 74 403 322
13348558.0,https://inaturalist-open-data.s3.amazonaws.com/photos/13348558/original.jpeg,world,44.7349478868,-110.426569228,1,945 581 464 451
13348560.0,https://inaturalist-open-data.s3.amazonaws.com/photos/13348560/original.jpeg,world,44.7349478868,-110.426569228,1,1193 658 826 893
13112758.0,https://static.inaturalist.org/photos/13112758/original.jpeg,world,33.0287027501,35.7089158268,1,751 518 971 333
13077754.0,https://inaturalist-open-data.s3.amazonaws.com/photos/13077754/original.jpeg,world,47.3515557297,-91.2801423314,1,375 333 222 236
13077752.0,https://inaturalist-open-data.s3.amazonaws.com/photos/13077752/original.jpeg,world,47.3515557297,-91.2801423314,1,329 345 200 279
13077750.0,https://inaturalist-open-data.s3.amazonaws.com/photos/13077750/original.jpeg,world,47.3515557297,-91.2801423314,1,190 264 317 325
13077755.0,https://inaturalist-open-data.s3.amazonaws.com/photos/13077755/original.jpeg,world,47.3515557297,-91.2801423314,1,499 272 414 172
12765201.0,https://inaturalist-open-data.s3.amazonaws.com/photos/12765201/original.jpeg,world,44.8675869453,-110.3053615481,1,1185 500 1401 397
12765203.0,https://inaturalist-open-data.s3.amazonaws.com/photos/12765203/original.jpeg,world,44.8675869453,-110.3053615481,1,1088 959 1269 873
12194923.0,https://static.inaturalist.org/photos/12194923/original.jpg,world,63.2246003194,-150.4404223872,1,677 437 884 639
12194921.0,https://static.inaturalist.org/photos/12194921/original.jpg,world,63.2246003194,-150.4404223872,1,601 451 803 657
12194919.0,https://static.inaturalist.org/photos/12194919/original.jpg,world,63.2246003194,-150.4404223872,1,823 614 1089 787
11127713.0,https://inaturalist-open-data.s3.amazonaws.com/photos/11127713/original.jpg,world,63.6451733333,-149.562445,1,792 432 1442 1000
11127709.0,https://inaturalist-open-data.s3.amazonaws.com/photos/11127709/original.jpg,world,63.6451733333,-149.562445,1,1531 1081 970 566
10005646.0,https://inaturalist-open-data.s3.amazonaws.com/photos/10005646/original.jpg,world,48.4292821866,-123.2469463348,1,547 474 1001 1135
110740992.0,https://inaturalist-open-data.s3.amazonaws.com/photos/110740992/original.jpg,world,48.4292821866,-123.2469463348,1,157 127 433 387
9199170.0,https://inaturalist-open-data.s3.amazonaws.com/photos/9199170/original.jpeg,world,58.7568054323,-155.3796386719,1,305 240 577 726
9199173.0,https://inaturalist-open-data.s3.amazonaws.com/photos/9199173/original.jpeg,world,58.7568054323,-155.3796386719,1,842 302 1385 1072
8993444.0,https://static.inaturalist.org/photos/8993444/original.jpg,world,44.483267377,-110.0422906039,1,1054 925 864 817
8421287.0,https://inaturalist-open-data.s3.amazonaws.com/photos/8421287/original.jpg,world,63.5929633333,-149.6116266667,1,998 421 1508 826
8103988.0,https://inaturalist-open-data.s3.amazonaws.com/photos/8103988/original.jpeg,world,75.643404388,-114.1479492188,1,270 328 416 548
5443794.0,https://inaturalist-open-data.s3.amazonaws.com/photos/5443794/original.jpeg,world,44.4006937118,-110.0503000807,1,347 1533 1570 430
5443817.0,https://inaturalist-open-data.s3.amazonaws.com/photos/5443817/original.jpeg,world,44.4006937118,-110.0503000807,1,653 1130 1153 589
4688166.0,https://inaturalist-open-data.s3.amazonaws.com/photos/4688166/original.jpg,world,50.7166019809,-100.0278841671,1,461 1235 1082 335
4688103.0,https://inaturalist-open-data.s3.amazonaws.com/photos/4688103/original.jpg,world,50.7166019809,-100.0278841671,1,184 1259 2026 106
2906046.0,https://static.inaturalist.org/photos/2906046/original.JPG,world,44.7900425057,-110.5039038504,2,867 443 957 507 173 547 280 494
2906047.0,https://static.inaturalist.org/photos/2906047/original.JPG,world,44.7900425057,-110.5039038504,3,1926 430 2040 487 948 532 1052 595 126 562 221 617
2896338.0,https://static.inaturalist.org/photos/2896338/original.JPG,world,47.6180988417,-91.9173322145,1,628 514 405 259
416863.0,https://inaturalist-open-data.s3.amazonaws.com/photos/416863/original.jpg,world,33.4686620113,-108.6366319558,1,798 966 1162 702
116889.0,https://inaturalist-open-data.s3.amazonaws.com/photos/116889/original.jpg,world,44.9011198534,-110.7405087176,1,687 93 29 992
80281.0,https://static.inaturalist.org/photos/80281/original.jpg,world,44.7574443691,-110.5441849344,2,1313 712 1579 962 950 1028 1318 828
72343.0,https://inaturalist-open-data.s3.amazonaws.com/photos/72343/original.jpg,world,44.898360725,-110.3166899333,1,198 99 999 613
72344.0,https://inaturalist-open-data.s3.amazonaws.com/photos/72344/original.jpg,world,44.898360725,-110.3166899333,1,180 203 961 550
